censor_target,method,estimate_mean,bias,rmse,se_mean,true_survival,forecast_survival
0.0,oracle,0.6071877777777779,0.0006571180651444575,0.020304056043211168,0.0005241485917820048,0.6065306597126334,0.49658530379140947
0.0,complete_case,0.6071877777777779,0.0006571180651444575,0.020304056043211168,0.0005241485917820048,0.6065306597126334,0.49658530379140947
0.0,ipcw_known_g,0.6071877777777779,0.0006571180651444575,0.020304056043211168,0.0005241485917820048,0.6065306597126334,0.49658530379140947
0.1,oracle,0.6057411111111112,-0.0007895486015222497,0.02013625053875716,0.0005196891863513823,0.6065306597126334,0.49658530379140947
0.1,complete_case,0.5985829114031619,-0.007947748309471536,0.022078456429585894,0.0005320241754191534,0.6065306597126334,0.49658530379140947
0.1,ipcw_known_g,0.6058070221033657,-0.0007236376092677466,0.021516547378947364,0.0005554257571104661,0.6065306597126334,0.49658530379140947
0.3,oracle,0.6069588888888889,0.0004282291762555124,0.02008601469680424,0.0005186737115579188,0.6065306597126334,0.49658530379140947
0.3,complete_case,0.5784242712562402,-0.02810638845639324,0.03572719839091131,0.000569671342817175,0.6065306597126334,0.49658530379140947
0.3,ipcw_known_g,0.6066056954375866,7.503572495315414e-05,0.02546003053293841,0.0006575915404018642,0.6065306597126334,0.49658530379140947
0.5,oracle,0.60599,-0.0005406597126333956,0.02015842783862037,0.0005204746512319789,0.6065306597126334,0.49658530379140947
0.5,complete_case,0.5372436602970457,-0.06928699941558769,0.07350647376826501,0.0006339901899293193,0.6065306597126334,0.49658530379140947
0.5,ipcw_known_g,0.6060149817336771,-0.0005156779789563526,0.032156360544285764,0.0008304437514567945,0.6065306597126334,0.49658530379140947
0.7,oracle,0.6061844444444444,-0.0003462152681890096,0.020091326507087486,0.0005188517726444586,0.6065306597126334,0.49658530379140947
0.7,complete_case,0.4371010136372902,-0.16942964607534322,0.17203373552654244,0.0007701923509781096,0.6065306597126334,0.49658530379140947
0.7,ipcw_known_g,0.6081896643246153,0.0016590046119818735,0.050271866268502004,0.0012977396683110935,0.6065306597126334,0.49658530379140947
