censor_target,censor_realized,forecast_rate,true_rate,model_correct,method,probability_alarm,mc_se,median_alarm_patient,alarm_probability_by_200,horizon_patients,runs,seed
0.0,0.0,0.06,0.1,False,oracle,1.0,0.0,34.0,1.0,600,1500,20261010
0.0,0.0,0.06,0.1,False,naive,1.0,0.0,34.0,1.0,600,1500,20261010
0.0,0.0,0.06,0.1,False,censor_aware,1.0,0.0,34.0,1.0,600,1500,20261010
0.0,0.0,0.1,0.1,True,oracle,0.038,0.004936665541300795,29.0,0.034666666666666665,600,1500,20261010
0.0,0.0,0.1,0.1,True,naive,0.038,0.004936665541300795,29.0,0.034666666666666665,600,1500,20261010
0.0,0.0,0.1,0.1,True,censor_aware,0.038,0.004936665541300795,29.0,0.034666666666666665,600,1500,20261010
0.0,0.0,0.14,0.1,False,oracle,1.0,0.0,60.0,0.962,600,1500,20261010
0.0,0.0,0.14,0.1,False,naive,1.0,0.0,60.0,0.962,600,1500,20261010
0.0,0.0,0.14,0.1,False,censor_aware,1.0,0.0,60.0,0.962,600,1500,20261010
0.0,0.0,0.2,0.1,False,oracle,1.0,0.0,14.0,1.0,600,1500,20261010
0.0,0.0,0.2,0.1,False,naive,1.0,0.0,14.0,1.0,600,1500,20261010
0.0,0.0,0.2,0.1,False,censor_aware,1.0,0.0,14.0,1.0,600,1500,20261010
0.1,0.09989888888888888,0.06,0.1,False,oracle,1.0,0.0,35.0,0.9993333333333333,600,1500,20261010
0.1,0.09989888888888888,0.06,0.1,False,naive,1.0,0.0,29.0,1.0,600,1500,20261010
0.1,0.09989888888888888,0.06,0.1,False,censor_aware,1.0,0.0,39.0,0.9993333333333333,600,1500,20261010
0.1,0.09989888888888888,0.1,0.1,True,oracle,0.029333333333333333,0.004356825211771288,33.5,0.02666666666666667,600,1500,20261010
0.1,0.09989888888888888,0.1,0.1,True,naive,0.186,0.010046690997537449,161.0,0.11266666666666666,600,1500,20261010
0.1,0.09989888888888888,0.1,0.1,True,censor_aware,0.03133333333333333,0.004498263039259751,28.0,0.028,600,1500,20261010
0.1,0.09989888888888888,0.14,0.1,False,oracle,1.0,0.0,61.0,0.9553333333333334,600,1500,20261010
0.1,0.09989888888888888,0.14,0.1,False,naive,0.906,0.007534985069660058,147.0,0.576,600,1500,20261010
0.1,0.09989888888888888,0.14,0.1,False,censor_aware,1.0,0.0,70.0,0.9353333333333333,600,1500,20261010
0.1,0.09989888888888888,0.2,0.1,False,oracle,1.0,0.0,14.0,1.0,600,1500,20261010
0.1,0.09989888888888888,0.2,0.1,False,naive,1.0,0.0,21.0,1.0,600,1500,20261010
0.1,0.09989888888888888,0.2,0.1,False,censor_aware,1.0,0.0,15.0,1.0,600,1500,20261010
0.3,0.30081444444444444,0.06,0.1,False,oracle,1.0,0.0,34.0,1.0,600,1500,20261010
0.3,0.30081444444444444,0.06,0.1,False,naive,1.0,0.0,23.0,1.0,600,1500,20261010
0.3,0.30081444444444444,0.06,0.1,False,censor_aware,1.0,0.0,49.0,0.9986666666666667,600,1500,20261010
0.3,0.30081444444444444,0.1,0.1,True,oracle,0.03133333333333333,0.004498263039259751,41.0,0.028,600,1500,20261010
0.3,0.30081444444444444,0.1,0.1,True,naive,1.0,0.0,100.0,0.888,600,1500,20261010
0.3,0.30081444444444444,0.1,0.1,True,censor_aware,0.04,0.005059644256269407,43.0,0.036,600,1500,20261010
0.3,0.30081444444444444,0.14,0.1,False,oracle,1.0,0.0,63.0,0.9493333333333334,600,1500,20261010
0.3,0.30081444444444444,0.14,0.1,False,naive,0.042666666666666665,0.0052183153234367525,56.5,0.037333333333333336,600,1500,20261010
0.3,0.30081444444444444,0.14,0.1,False,censor_aware,0.998,0.0011535452599125307,90.0,0.8673333333333333,600,1500,20261010
0.3,0.30081444444444444,0.2,0.1,False,oracle,1.0,0.0,14.0,1.0,600,1500,20261010
0.3,0.30081444444444444,0.2,0.1,False,naive,0.9973333333333333,0.0013315543687874947,89.0,0.8513333333333334,600,1500,20261010
0.3,0.30081444444444444,0.2,0.1,False,censor_aware,1.0,0.0,19.0,1.0,600,1500,20261010
0.5,0.5000322222222222,0.06,0.1,False,oracle,1.0,0.0,35.0,1.0,600,1500,20261010
0.5,0.5000322222222222,0.06,0.1,False,naive,1.0,0.0,23.0,1.0,600,1500,20261010
0.5,0.5000322222222222,0.06,0.1,False,censor_aware,1.0,0.0,67.0,0.9726666666666667,600,1500,20261010
0.5,0.5000322222222222,0.1,0.1,True,oracle,0.036,0.004809989604978373,26.5,0.03333333333333333,600,1500,20261010
0.5,0.5000322222222222,0.1,0.1,True,naive,1.0,0.0,42.5,1.0,600,1500,20261010
0.5,0.5000322222222222,0.1,0.1,True,censor_aware,0.035333333333333335,0.004766891991566336,35.0,0.03133333333333333,600,1500,20261010
0.5,0.5000322222222222,0.14,0.1,False,oracle,1.0,0.0,61.0,0.9546666666666667,600,1500,20261010
0.5,0.5000322222222222,0.14,0.1,False,naive,0.9973333333333333,0.0013315543687874947,135.0,0.7593333333333333,600,1500,20261010
0.5,0.5000322222222222,0.14,0.1,False,censor_aware,0.9933333333333333,0.0021011460717462846,118.0,0.764,600,1500,20261010
0.5,0.5000322222222222,0.2,0.1,False,oracle,1.0,0.0,14.0,1.0,600,1500,20261010
0.5,0.5000322222222222,0.2,0.1,False,naive,0.03266666666666666,0.0045898115833191205,67.0,0.028,600,1500,20261010
0.5,0.5000322222222222,0.2,0.1,False,censor_aware,1.0,0.0,25.0,1.0,600,1500,20261010
0.7,0.69944,0.06,0.1,False,oracle,1.0,0.0,35.0,1.0,600,1500,20261010
0.7,0.69944,0.06,0.1,False,naive,1.0,0.0,27.0,1.0,600,1500,20261010
0.7,0.69944,0.06,0.1,False,censor_aware,1.0,0.0,109.0,0.8,600,1500,20261010
0.7,0.69944,0.1,0.1,True,oracle,0.028666666666666667,0.004308510097383928,25.0,0.028,600,1500,20261010
0.7,0.69944,0.1,0.1,True,naive,1.0,0.0,38.0,1.0,600,1500,20261010
0.7,0.69944,0.1,0.1,True,censor_aware,0.03266666666666666,0.0045898115833191205,50.0,0.028,600,1500,20261010
0.7,0.69944,0.14,0.1,False,oracle,1.0,0.0,62.0,0.9453333333333334,600,1500,20261010
0.7,0.69944,0.14,0.1,False,naive,1.0,0.0,54.0,0.9993333333333333,600,1500,20261010
0.7,0.69944,0.14,0.1,False,censor_aware,0.9566666666666667,0.005257093972627562,185.0,0.5106666666666667,600,1500,20261010
0.7,0.69944,0.2,0.1,False,oracle,1.0,0.0,14.0,1.0,600,1500,20261010
0.7,0.69944,0.2,0.1,False,naive,1.0,0.0,115.0,0.8166666666666667,600,1500,20261010
0.7,0.69944,0.2,0.1,False,censor_aware,1.0,0.0,41.0,0.9993333333333333,600,1500,20261010
